timestamp,team_name,elo
2025-05-01 09:00:00,AlphaBots,2810
2025-05-01 09:00:00,CheckMates,2795
2025-05-01 09:00:00,,2780
2025-05-01 09:05:00,AlphaBots,2812
2025-05-01 09:05:00,CheckMates,2799
2025-05-01 09:05:00,GambitGo,2785
2025-05-01 09:10:00,CheckMates,2801
2025-05-01 09:10:00,GambitGo,
2025-05-01 09:10:00,AlphaBots,2815
2025-05-01 09:15:00,GambitGo,2792
2025-05-01 09:15:00,AlphaBots,2816
2025-05-01 09:15:00,CheckMates,2800
2025-05-01 09:20:00,,2805
2025-05-01 09:20:00,AlphaBots,2818
2025-05-01 09:20:00,GambitGo,2795
2025-05-01 09:25:00,AlphaBots,2820
2025-05-01 09:25:00,CheckMates,2802
2025-05-01 09:25:00,GambitGo,2798
2025-05-01 09:30:00,AlphaBots,2821
2025-05-01 09:30:00,CheckMates,2805
2025-05-01 09:30:00,NullMasters,
2025-05-01 09:35:00,AlphaBots,2820
2025-05-01 09:35:00,GambitGo,2800
2025-05-01 09:35:00,CheckMates,2806
2025-05-01 09:40:00,CheckMates,2807
2025-05-01 09:40:00,,2801
2025-05-01 09:40:00,AlphaBots,2822
2025-05-01 09:45:00,AlphaBots,2823
2025-05-01 09:45:00,GambitGo,2802
2025-05-01 09:45:00,CheckMates,2809
2025-05-01 09:50:00,GambitGo,2803
2025-05-01 09:50:00,AlphaBots,2825
2025-05-01 09:50:00,CheckMates,2810
2025-05-01 09:55:00,,2804
2025-05-01 09:55:00,CheckMates,2811
2025-05-01 09:55:00,AlphaBots,
2025-05-01 10:00:00,GambitGo,2806
2025-05-01 10:00:00,AlphaBots,2826
2025-05-01 10:00:00,CheckMates,2813
2025-05-01 10:05:00,AlphaBots,2827
2025-05-01 10:05:00,CheckMates,2815
2025-05-01 10:05:00,GambitGo,2807
2025-05-01 10:10:00,,2810
2025-05-01 10:10:00,GambitGo,2808
2025-05-01 10:10:00,AlphaBots,2828
2025-05-01 10:15:00,AlphaBots,2830
2025-05-01 10:15:00,CheckMates,2816
2025-05-01 10:15:00,GambitGo,
2025-05-01 10:20:00,CheckMates,2818
2025-05-01 10:20:00,AlphaBots,2831
2025-05-01 10:20:00,GambitGo,2809