timestamp,team_name,elo
2025-05-01 09:00:00,AlphaBots,2810.0
2025-05-01 09:00:00,CheckMates,2795.0
2025-05-01 09:05:00,AlphaBots,2812.0
2025-05-01 09:05:00,CheckMates,2799.0
2025-05-01 09:05:00,GambitGo,2785.0
2025-05-01 09:10:00,CheckMates,2801.0
2025-05-01 09:10:00,AlphaBots,2815.0
2025-05-01 09:15:00,GambitGo,2792.0
2025-05-01 09:15:00,AlphaBots,2816.0
2025-05-01 09:15:00,CheckMates,2800.0
2025-05-01 09:20:00,AlphaBots,2818.0
2025-05-01 09:20:00,GambitGo,2795.0
2025-05-01 09:25:00,AlphaBots,2820.0
2025-05-01 09:25:00,CheckMates,2802.0
2025-05-01 09:25:00,GambitGo,2798.0
2025-05-01 09:30:00,AlphaBots,2821.0
2025-05-01 09:30:00,CheckMates,2805.0
2025-05-01 09:35:00,AlphaBots,2820.0
2025-05-01 09:35:00,GambitGo,2800.0
2025-05-01 09:35:00,CheckMates,2806.0
2025-05-01 09:40:00,CheckMates,2807.0
2025-05-01 09:40:00,AlphaBots,2822.0
2025-05-01 09:45:00,AlphaBots,2823.0
2025-05-01 09:45:00,GambitGo,2802.0
2025-05-01 09:45:00,CheckMates,2809.0
2025-05-01 09:50:00,GambitGo,2803.0
2025-05-01 09:50:00,AlphaBots,2825.0
2025-05-01 09:50:00,CheckMates,2810.0
2025-05-01 09:55:00,CheckMates,2811.0
2025-05-01 10:00:00,GambitGo,2806.0
2025-05-01 10:00:00,AlphaBots,2826.0
2025-05-01 10:00:00,CheckMates,2813.0
2025-05-01 10:05:00,AlphaBots,2827.0
2025-05-01 10:05:00,CheckMates,2815.0
2025-05-01 10:05:00,GambitGo,2807.0
2025-05-01 10:10:00,GambitGo,2808.0
2025-05-01 10:10:00,AlphaBots,2828.0
2025-05-01 10:15:00,AlphaBots,2830.0
2025-05-01 10:15:00,CheckMates,2816.0
2025-05-01 10:20:00,CheckMates,2818.0
2025-05-01 10:20:00,AlphaBots,2831.0
2025-05-01 10:20:00,GambitGo,2809.0
